id,url
1,https://www.elitesupps.com.au/
2,https://shapermint.com/
3,https://lairdsuperfood.com/
4,https://atoms.com/
5,http://lashify.com/
6,https://enchroma.co.uk/
7,https://jenny-bird.ca/
8,https://fr.ugreen.com/
9,https://www.statebicycle.com/
10,https://liquiddeath.com/
11,https://www.mvmt.com/
12,https://www.shinesty.com/
13,https://ro.co/
14,https://subscribe.rocksbox.com/
15,https://flair.co/
16,https://try.omsom.com/
17,https://hello.eatnowadays.com/
18,https://try.javycoffee.com/
19,https://purplefire.io/
20,https://purplefire.io/
21,https://go.komusodesign.com/
22,https://purplefire.io/
23,https://bigblanket.com/
24,https://thursdayboots.com/
25,https://mantasleep.com/
26,https://get.pelacase.com/
27,https://www.honeylove.com/
28,https://kosas.com/
29,https://shop.highlinewellness.com/
30,https://purplefire.io/
31,https://www.ekster.com/
32,https://www.califiafarms.com/
33,https://properwild.com/
34,https://get.daily-harvest.com/
35,https://get.cozyearth.com/
36,http://hawke.rs/
37,https://kinderbeauty.com/
38,https://www.bioliteenergy.com/
39,https://bigblanket.com/
40,https://uk.bond-touch.com/
41,https://www.nestbedding.com/
42,https://ruffwear.com/
43,https://go.hellomockingbird.com/
44,https://www.aeraforhome.com/
45,https://get.drsquatch.com/
46,https://www.hayabusafight.ca/
47,https://pourri.com/
48,https://www.quadlockcase.net/
49,https://www.maperformance.com/
50,https://www.onnit.com/
51,https://ro.co/
52,https://lumedeodorant.com/
53,https://overtone.co/
54,https://purplefire.io/
55,https://try.sandcloud.com/
56,https://try.keeps.com/
57,https://www.elwood-clothing.com/
58,https://try.apostrophe.com/
59,https://ca.shopatshowcase.com/
60,https://tryautobrush.com/
61,https://kawaiipenshop.com/
62,https://purplefire.io/
63,https://www.bodycandy.com/
64,https://nordgreen.jp/
65,https://purplefire.io/
66,https://try.miraclebrand.co/
67,https://www.kachava.com/
68,https://feals.com/
69,https://try.eatpropergood.com/
70,https://www.dropps.com/
71,https://try.wantable.com/
72,https://kswiss.com/
73,https://www.stikwood.com/
74,https://try.status.co/
75,https://get.smartnora.com/
76,https://www.vietri.com/
77,https://www.thefoggydog.com/
78,https://www.thebrick.com/
79,https://try.freshly.com/
80,http://bit.ly/
81,https://monicaandandy.com/
82,https://crownandpaw.com/
83,https://purplefire.io/
84,https://dalstrong.com/
85,https://rent.livefeather.com/
86,https://ehplabs.ca/
87,https://www.drinkhydrant.com/
88,https://try.dyper.com/
89,https://frame-store.com/
90,https://grassfed.butcherbox.com/
91,https://discover.gotoaisle.com/
92,https://www.citygrounds.com/
93,https://www.bulbhead.com/
94,https://miko.ai/
95,https://get.fellowproducts.com/
96,https://purplefire.io/
97,https://herohealth.com/
98,https://www.wearfigs.com/
99,https://vegamour.com/
100,http://mudwtr.com/
101,https://studs.com/
102,https://bluetokaicoffee.com/
103,https://get.dinnerly.com/
104,http://try.catperson.com/
105,https://www.teamiblends.com/
106,https://www.kettleandfire.com/
107,https://judy.co/
108,https://www.skylightframe.com/
109,http://t.langehair.com/
110,https://in.sugarcosmetics.com/
111,https://legacybox.com/
112,https://purplefire.io/
113,https://iliabeauty.com/
114,https://tenzotea.co/
115,https://discover.gotoaisle.com/
116,https://room.com/
117,https://welcome.sundays-company.com/
118,https://www.semihandmade.com/
119,https://purplefire.io/
120,https://purplefire.io/
121,https://shop.hopwtr.com/
122,https://projectyourself.com/
123,https://www.brumate.com/
124,https://huel.com/
125,https://geologie.com/
126,https://seeds.88acres.com/
127,https://hvmn.com/
128,https://www.trxtraining.com/
129,https://lifeboostcoffee.com/
130,http://try.drinkbev.com/
131,https://www.beginningboutique.com.au/
132,https://joovv.com/
133,https://uk.anycubic.com/
134,https://cheesemaking.com/
135,https://www.thinx.com/
136,https://aloha.com/
137,https://www.fragrantjewels.com/
138,https://purplefire.io/
139,https://www.harrys.com/
140,https://ryleeandcru.com/
141,https://shop.bollandbranch.com/
142,https://buy.picnicallergy.com/
143,https://www.blueland.com/
144,https://drink.avecdrinks.com/
145,https://www.homechef.com/
146,https://exploreforia.com/
147,https://dream.sisterjane.com/
148,https://www.onlynaturalpet.com/
149,https://pvolve.link/
150,https://mtnops.com/
151,https://purplefire.io/
152,https://lekkerhome.com/
153,https://properzzzs.com/
154,https://purplefire.io/
155,https://redcon1.com/
156,https://purplefire.io/
157,https://go.moxie.com/
158,https://www.trysnow.com/
159,https://offer.milkbooks.com/
160,https://rags.attn.tv/
161,https://eat.hungryroot.com/
162,https://try.hexclad.com/
163,https://www.olly.com/
164,https://c.lazada.com.ph/
165,https://shop.moonpod.co/
166,https://featclothing.com/
167,https://knockaround.com/
168,https://get.magicspoon.com/
169,https://go.modernliving.tips/
170,https://www.47brand.com/
171,https://bitetoothpastebits.com/
172,https://offer.thepetlabco.com/
173,https://get.drinksurely.com/
174,https://www.colorsmith.eu/
175,https://dailygem.co/
176,https://stojo.co/
177,https://coola.com/
178,https://www.mjbale.com/
179,https://www.dangoproducts.com/
180,https://olaplex.attn.tv/
181,https://paperlike.com/
182,https://get.kokoon.io/
183,http://www.curlmix.com/
184,https://tommyjohn.com/
185,https://www.originalgrain.com/
186,https://cometeer.com/
187,https://trial.obefitness.com/
188,https://ambassadors.ouraring.com/
189,https://ec30clean.com/
190,https://www.thequalityedit.com/
191,https://purplefire.io/
192,https://purplefire.io/
193,https://beautybio.com/
194,https://beekman1802.com/
195,https://www.nurturelife.com/
196,https://purplefire.io/
197,https://go.generationtux.com/
198,https://prismplus.sg/
199,https://get.nori.co/
200,https://ca.vessi.com/
201,https://www.bajaao.com/
202,https://lp.sbrands.co/
203,https://www.cycologyclothing.com/
204,https://www.bluebella.us/
205,https://design.modularclosets.com/
206,https://www.vervecoffee.com/
207,https://levelup.lifehousetonics.com/
208,https://www.bloombaby.com/
209,https://www.freshnlean.com/
210,https://go.kencko.com/
211,https://lp.sbrands.co/
212,https://www.buywow.in/
213,https://purplefire.io/
214,https://www.peachandlily.com/
215,https://houseoflashes.com/
216,https://suzyshier.com/
217,https://try.hanacure.com/
218,https://1upnutrition.com/
219,https://lp.sbrands.co/
220,http://us.princesspolly.com/
221,https://www.the-citizenry.com/
222,https://www.vava.com/
223,https://fromourplace.co.uk/
224,https://de.lounge.com/
225,https://www.grove.co/
226,https://latest.blissy.com/
227,https://www.endy.com/
228,https://www.factor75.com/
229,https://vitasave.ca/
230,https://oliveandjune.com/
231,https://moonjuice.com/
232,https://www.gruntstyle.com/
233,https://www.vicicollection.com/
234,http://fuel-meals.pxf.io/
235,https://start.getsunday.com/
236,https://purplefire.io/
237,https://try.atlascoffeeclub.com/
238,https://jot.co/
239,http://sip.chamberlaincoffee.com/
240,http://try.miraclebrand.co/
241,https://drcuddles.com/
242,https://dosedaily.co/
243,https://www.flewdstresscare.com/
244,https://trynood.com/
245,https://noonbrew.co/
246,https://shop.truvani.com/
247,https://try.brightland.co/
248,https://gripharness.com/
249,https://www.jonesroadbeauty.com/
250,https://try.everymanjack.com/
251,https://hollowsocks.com/
252,https://get.harperwilde.com/
253,https://start.ritual.com/
254,https://buy.nomnomnow.com/
255,https://mudwtr.com/
256,https://mudwtr.com/
257,https://supply.co/
258,https://discover.thefarmersdog.com/
259,http://hiyahealth.com/
260,http://try.immieats.com/
261,http://lp.hoox.co/
262,http://shop.takearecess.co/
263,http://thejellybee.com/
264,http://atlasbars.com/
265,https://shop.skinpharm.com/
266,http://modernfertility.com/
267,http://get.poopourri.com/
268,http://getbevel.com/
269,http://get.carawayhome.co/
270,http://perfectketo.com/
271,http://taika.co/
272,http://nutrafol.com/
273,http://propercloth.com/
274,http://helloyumi.com/
275,http://ouraring.com/
276,http://honest.com/
277,http://sunbasket.com/
278,http://harrys.com/
279,http://lp.sbrands.co/
280,http://start.buywow.com/
281,http://get.wanderingbearcoffee.com/
282,http://free.okoliving.com/
283,http://refer.everlywell.com/
284,http://discover.lastobject.com/
285,http://promo.thepetlabco.com/
286,http://try-us.whogivesacrap.org/
287,http://try.felixgray.com/
288,http://send.urbanstems.com/
289,http://eat.thinkjinx.com/
290,http://shop.getprepd.com/
291,http://try.nicks.com/
292,http://get.dia.com/
293,http://get.hubblecontacts.com/
294,http://try.catperson.com/
295,http://get.tovala.com/
296,http://try.froghollow.com/
297,http://start.primallypure.com/
298,http://my.ceremonia.com/
299,http://try.spotandtango.com/
300,http://startyourjourney.bluejaybikes.com/
301,http://get.prose.com/
302,http://chef.greenchef.com/
303,http://go.joolies.com/
304,http://luxe.glamseamless.com/
305,http://try.beekeepersnaturals.com/
306,http://get.everyplate.com/
307,http://try.literati.com/
308,http://try.deskview.co/
309,http://drink.sunwink.com/
310,http://get.weezietowels.com/
311,http://love.drcuddles.com/
312,http://discover.elysiumhealth.com/
313,http://subscribe.birchbox.com/
314,http://dreamland.remihq.com/
315,http://learn.lovevery.com/
316,http://shop.glamnetic.com/
317,http://style.fabletics.com/
318,http://get.nebia.com/
319,http://start.branchfurniture.com/
320,http://try.mylaughland.com/
321,
322,https://lussocloud.com/
323,https://westernrise.com/
324,https://andieswim.com/
325,https://walkfulton.com/
326,https://andieswim.com/
327,https://hbx.com/
328,http://www.thesimplygoodfoodscompany.com/
329,https://drnxmyth.com/
330,https://www.otherworld.com/
331,https://zitsticka.com/
332,https://www.vibe.com/
333,https://goli.com/
334,https://www.orukayak.com/
335,https://www.goodles.com/
336,https://shop.bekyoot.com/
337,https://www.tenthousand.cc/
338,https://www.madhappy.com/
339,https://homesick.com/
340,https://www.vitalproteins.com/
341,https://www.clara.com/
342,https://nativepet.com/
343,https://www.imdb.com/title/tt27816768/
344,https://www.instagram.com/cannuka/?hl=en
345,https://mgemi.com/
346,https://getshimmy.com/
347,https://www.koio.co/
348,https://www.glossier.com/
349,https://halfdaytravel.com/
350,https://liveowyn.com/
351,https://www.nobullproject.com/
352,https://www.orosapparel.com/
353,https://www.flow-official.jp/
354,https://www.instagram.com/daryahope/?hl=en
355,https://www.americantrench.com/
356,https://www.brilliantearth.com/
357,https://www.brooklinen.com/
358,https://yfood.com/en-eu
359,https://www.indochino.com/
360,https://drinkolipop.com/
361,https://www.gymshark.com/
362,https://www.tracksmith.com/
363,https://www.usmint.gov/coins/coin-medal-programs/circulating-coins/quarter
364,https://www.instagram.com/iffleyroadrunningwear/?hl=en
365,https://www.shinola.com/
366,https://drinkohza.com/
367,https://www.maisonette.com/
368,https://birthdate.co/
369,https://myobvi.com/
370,https://helixsleep.com/
371,https://twitter.com/amphuman?lang=en
372,https://www.officialavec.com/
373,https://www.vitalydesign.com/
374,https://www.awaytravel.com/
375,https://insideweather.com/
376,https://kylieswimwear.com/
377,https://getmaude.com/
378,https://plantfuel.com/
379,https://nopeetstore.com/
380,https://fotp.com/
381,https://lisasaysgah.com/
382,https://singular-society.com/
383,https://baboontothemoon.com/
384,https://maap.cc/us
385,https://helixsleep.com/
386,https://dimsservices.com/
387,https://elrayotequila.com/
388,https://www.maxbone.com/
389,https://italic.com/
390,https://orangewoodguitars.com/
391,https://www.grove.co/
392,https://offhours.co/
393,https://www.jamesallen.com/
394,https://shopsoko.com/
395,https://commonera.com/collections/all
396,https://opositiv.com/
397,https://vyrao.com/en-us
398,https://www.instagram.com/fameandpartners/?hl=en
399,https://www.oneplus.com/us
400,https://www.zennioptical.com/
401,https://www.boka.com/
402,https://ourhummingway.com/
403,https://janji.com/
404,https://www.thredup.com/
405,https://hexr.com/
406,https://reggie.com/
407,https://necessaire.com/
408,https://www.aisle.co/
409,https://www.humnutrition.com/
410,https://www.tuftandneedle.com/
411,https://www.gs1us.org/
412,https://oseamalibu.com/
413,https://www.primarygoods.com/category/health-and-wellness
414,https://www.instagram.com/11honore/?hl=en
415,https://torsa.co.uk/
416,https://www.poppin.com/
417,https://meetmaev.com/
418,https://superzero.com/
419,https://kravebeauty.com/
420,https://www.premamawellness.com/
421,https://www.article.com/
422,https://www.nativecos.com/
423,https://sweetnothings.com/
424,https://www.gamebytes.io/
425,https://www.meetlalo.com/
426,https://www.livelarq.com/
427,https://www.asystem.com/
428,https://amoracoffee.com/
429,https://www.blume.com/
430,https://flare.network/
431,https://cellular-goods.com/
432,https://theunderdays.com/
433,https://oat.haus/
434,https://www.yeti.com/
435,https://www.herocosmetics.us/
436,https://health-ade.com/
437,https://heyhanni.com/
438,https://argentwork.com/
439,https://livecrude.com/
440,https://stuffyoushouldknow.com/
441,https://artofsport.com/
442,https://davidkind.com/
443,https://hellotushy.com/
444,https://mybillie.com/
445,https://propercloth.com/
446,https://www.oarsandalps.com/
447,https://eadem.co/
448,https://ridge.com/
449,https://www.rupeeredee.com/
450,https://www.adoreme.com/
451,https://www.rhone.com/
452,https://tomboyx.com/
453,https://balooliving.com/collections/all
454,https://www.blenderseyewear.com/
455,https://careof.zendesk.com/hc/en-us
456,https://www.holden.com.au/
457,https://juna-world.com/
458,https://bemz.com/en-us
459,https://www.thebandfeel.com/
460,https://cityofclare.gov/
461,https://bonobos.com/
462,https://www.goodnes.com/milo/
463,https://www.beabetterhuman.com/
464,https://www.harrys.com/en/us
465,https://bombas.com/
466,https://www.sonsyeahsons.com/
467,https://www.tecovas.com/
468,https://www.oakcha.com/
469,https://www.royalenfield.com/us/en/home/
470,https://wearpact.com/
471,https://officialjolie.com/
472,https://www.dagnedover.com/
473,https://tempo.fit/
474,https://www.hopi-nsn.gov/contact/
475,https://highkey.com/
476,https://goop.com/
477,https://truebotanicals.com/
478,https://nuudcare.com/
479,https://www.aceandtate.com/us
480,https://www.officialdaye.net/
481,https://girlfriend.com/
482,https://ravecoffee.co.uk/
483,https://theouai.com/
484,https://www.scentbird.com/
485,https://www.marinelayer.com/
486,https://science.nasa.gov/moon/
487,https://shopgoby.com/
488,https://zbiotics.com/
489,https://www.shopmoment.com/
490,https://www.smalls.com/
491,https://gir.co/
492,https://bohten.com/
493,https://august.com/
494,https://uqora.com/
495,https://www.lifelabs.com/
496,https://mgemi.com/
497,https://www.trybetterbrand.com/
498,https://www.dieuxskin.com/
499,https://www.awaytravel.com/
500,https://whiled.co/
501,https://fitspuzzles.com/
502,https://www.care.com/
503,https://jenis.com/
504,https://www.sakara.com/
505,https://sourceoutdoor.com/
506,https://www.bollandbranch.com/
507,https://ikunion.org/
508,https://memoregreens.com/
509,https://www.moom.com/
510,https://mejuri.com/
511,https://sandland.jp/en/
512,https://us.dirteaworld.com/
513,https://stix.golf/
514,https://lepuzz.com/
515,https://sheertex.com/collections/all
516,https://www.gonoise.com/
517,https://www.instagram.com/meejeeco/?hl=en
518,https://www.roguefitness.com/
519,https://www.doyoueven.com/
520,https://www.mentedcosmetics.com/
521,https://neighborhoodgoods.com/
522,https://hullopillow.com/
523,https://www.oneplus.com/us
524,https://lussocloud.com/
525,https://www.everlane.com/
526,https://www.corewellnessusa.com/
527,https://haleysbeauty.com/
528,https://www.brentwoodhome.com/
529,Boie USA
530,https://www.onepeloton.com/
531,https://www.cotopaxi.com/
532,https://www.mottandbow.com/
533,https://fordays.com/
534,https://broyaliving.com/
535,https://facileskin.com/collections/all
536,https://golde.co/
537,https://www.jackhenry.com/
538,https://www.volitiongames.com/
539,https://ghost-official.com/
540,https://grind.co.uk/
541,https://www.getrael.com/
542,https://burrow.com/
543,https://safely.com/
544,https://jetfuelenergy.com/
545,https://www.thefarmersdog.com/
546,https://www.comradsocks.com/
547,https://www.cosyhousecollection.com/
548,https://mrbeast.store/
549,https://www.cutsclothing.com/
550,https://www.winc.com/
551,https://splendidspoon.com/
552,https://wuffes.com/
553,https://www.totm.com/shop/
554,https://www.euka.ai/
555,https://boysmells.com/
556,https://auratenewyork.com/
557,https://www.supersapiens.com/
558,https://kotn.com/
559,https://superzero.com/
560,https://www.livelarq.com/
561,https://growarber.com/
562,https://us.trip.com/
563,https://us.dollarshaveclub.com/
564,https://hawthorne.co/
565,https://rowingblazers.com/
566,https://alder.com/
567,https://www.thirdlove.com/
568,https://yearandday.com/
569,https://food52.com/
570,https://gethommey.com/
571,https://primagames.com/
572,https://www.honest.com/
573,https://playground-games.com/projects/fable/
574,https://www.withclarity.com/
575,https://www.javycoffee.com/
576,https://scarletviolet.pokemon.com/en-us/
577,https://goodnightmate.com/products/mate-endurance-premature-ejaculation-natural-supplement
578,https://www.blueapron.com/
579,https://www.outdoorvoices.com/
580,https://dedcool.com/
581,https://tourparavel.com/
582,https://misen.com/
583,https://www.patternbrands.com/
584,https://www.thuma.co/
585,https://barehands.us/
586,https://www.aceandtate.com/us
587,https://www.nowadays.com/
588,https://folio.org/
589,https://www.bandier.com/
590,https://www.oarsandalps.com/
591,https://us.gisou.com/
592,https://www.cityofmarlow.com/
593,https://naadam.co/
594,https://drinkavaline.com/
595,https://floydhome.com/
596,https://www.eatocco.com/
597,https://www.vanityplanet.com/
598,https://frida.com/
599,https://www.soarrunning.com/
600,https://lolibeauty.com/
601,https://www.lulalu.com/
602,https://www.getquip.com/
603,https://www.hellobello.com/
604,https://www.happysocks.com/us
605,https://www.simplemodern.com/
606,https://functionofbeauty.com/
607,https://behuppy.com/
608,https://thenimetyou.com/
609,https://www.delune.co/
610,https://huckberry.com/
611,https://www.catperson.com/
612,https://microgenix.net/
613,https://pixers.us/
614,https://www.champssports.com/
615,https://innate.com/
616,https://chubbycable.com/
617,https://www.soma.com/store/
618,https://www.abbiokitchen.com/
619,https://margauxny.com/
620,https://www.madhappy.com/
621,https://www.gogigantic.com/
622,https://www.kettleandfire.com/
623,https://wanderingbearcoffee.com/
624,https://www.saxxunderwear.com/
625,https://www.homage.com/
626,https://www.keekooralcare.com/
627,https://www.meundies.com/
628,https://www.myteadrop.com/
629,https://loveamika.com/
630,https://us.foursigmatic.com/
631,https://www.prettylitter.com/
632,https://lovekinship.com/
633,https://www.ordo.com/
634,https://cocofloss.com/
635,https://www.cleancult.com/
636,https://www.temple.edu/
637,https://palestinianyouthmovement.com/
638,https://health-ade.com/
639,https://ergatta.com/
640,https://www.warbyparker.com/
641,https://www.x431.com/website/index.do
642,https://meetalleyoop.com/
643,https://bruntworkwear.com/
644,https://www.nectarsleep.com/
645,https://rmdy.com/
646,https://www.greats.com/
647,https://us.loopearplugs.com/
648,https://www.primary.com/
649,https://boxed.com/
650,https://www.amazon.com/usb-c-dongle/s?k=usb+c+dongle
651,https://milkmakeup.com/
652,https://www.blackriflecoffee.com/
653,https://mackweldon.com/
654,https://health-ade.com/
655,https://www.florencebymills.com/
656,https://www.betabrand.com/
657,https://www.leesa.com/
658,https://www.vacation.com/
659,https://www.frankbody.com/us/
660,https://mygardyn.com/
661,https://natalist.com/
662,https://www.aesop.com/us/
663,https://www.moonpod.co/pages/beanbag-comparison
664,https://www.american-giant.com/
665,https://www.untuckit.com/
666,https://parade.com/
667,https://aavrani.com/
668,https://ministryofsupply.com/
669,https://www.mizzenandmain.com/
670,https://mylola.com/
671,https://weezietowels.com/
672,https://www.plantpeople.co/
673,https://lucy.co/
674,https://www.terrakaffe.com/
675,https://www.stryx.com/
676,https://knix.com/
677,https://purple.com/
678,https://taftclothing.com/
679,https://www.cityofhawthorne.org/residents/about-hawthorne
680,https://tula.com/
681,https://lunya.co/
682,https://www.eloquii.com/
683,https://opositiv.com/
684,https://mgemi.com/
685,https://theblacktux.com/
686,https://www.spritzsociety.com/
687,https://www.beginhealth.com/
688,https://www.instagram.com/takeasugarbreak/?hl=en
689,https://www.mlb.com/
690,https://www.lively.com/
691,https://lumitylife.com/collections/all
692,https://ruggable.com/
693,https://rothys.com/
694,https://www.buckmason.com/
695,https://www.jamesallen.com/
696,https://www.vrai.com/
697,https://www.kineuphorics.com/
698,https://www.nativecos.com/
699,https://www.minted.com/
700,https://hylo.de/en/
701,https://www.thereformation.com/
702,https://www.monoware.com/
703,https://parlatoothpastetabs.com/
704,https://buffy.co/
705,https://www.dormify.com/
706,https://www.instagram.com/dueplesocks/?hl=en
707,https://www.instagram.com/getlupii/?hl=en
708,https://foxtrot.com/
709,https://www.roka.com/
710,https://www.graze.com/home.html
711,https://birthdate.co/
712,https://getneuromd.com/
713,https://www.bangsshoes.com/
714,https://www.hillhousehome.com/
715,https://www.hautehijab.com/
716,https://firstday.com/
717,https://www.seedlipdrinks.com/en-us/
718,https://noahny.com/
719,https://mahabis.com/
720,https://myovaterra.com/
721,https://www.oliverpeoples.com/usa
722,https://ivoryella.com/
723,https://www.anker.com/
724,https://www.eddiebauer.com/
725,https://www.brilliantearth.com/
726,https://www.drunkelephant.com/
727,https://www.wildfang.com/
728,https://www.thetiebar.com/
729,https://www.verbproducts.com/
730,https://monicaandandy.com/
731,https://byhumankind.com/
732,https://www.thenueco.com/
733,https://www.thesill.com/
734,https://www.threadless.com/
735,https://www.chubbiesshorts.com/
736,https://vitl.net/
737,https://www.goodamerican.com/
738,https://www.chubbiesshorts.com/
739,https://moonjuice.com/
740,https://rustandmay.com
741,https://thefrankieshop.com
742,https://store.locomotive.ca
743,https://vollebak.com
744,https://www.yumeibrand.com
745,https://stormwatches.com
746,https://www.sneakinpeace.com
747,https://www.uy-studio.com
748,https://bongusta.dk
749,https://bernerkuhl.com
750,https://www.slumlove.com/
751,https://isabellefox.com/
752,https://www.jennifertorosian.com/
753,https://www.wolfcircus.com/
754,https://www.hazeandglory.com/
755,http://crosscoloursla.com/
756,http://www.hollowayeyewear.com.au/
757,https://www.rooneyshop.com/
758,https://www.greatlakescollection.com/
759,https://www.dearkates.com/
760,https://www.torimurphy.com/
761,https://terminal27.com
762,https://neighborhoodgoods.com
763,https://eu.kith.com
764,https://www.threadwallets.com/
765,https://www.mansurgavriel.com/
766,https://upwest.com
767,https://goclove.com/
768,https://www.laceandliberty.com
769,https://thephluidproject.com
770,https://www.ellaandoak.com
771,https://www.crapeyewear.com
772,https://nu-in.com
773,https://www.wearetala.com
774,https://bogeyboys.com
775,https://www.fredsegal.com/
776,https://www.thedarksideinitiative.com/
777,https://tntfashion.ca/
778,https://melanieabrantes.shop/
779,https://www.diabolikill.com/
780,https://cvc-stones.com
781,https://coreyegan.com/
782,https://www.christosnewyork.com/
783,https://www.jumpfrompaper.com/
784,https://store.tomorrowland.com/
785,https://www.antoniasaintny.com/
786,https://www.aquelarreshop.com/
787,https://www.giuliofashion.com/
788,https://www.sarahflint.com/
789,https://eu.akris.com/
790,https://uniformsforthededicated.com/
791,https://au.mighty-purse.com/
792,https://www.azaleasf.com/
793,https://www.goodamerican.com/
794,https://www.zirkuss.com/
795,https://www.doopsdesigns.com/
796,https://bigbudpress.com/
797,https://hemlockgoods.com/
798,https://eu.organicbasics.com/
799,https://shop.opsundbay.com/
800,https://us.mavi.com/
801,https://ullac.com/
802,https://jane-carr.com/
803,https://eggtrading.com/
804,https://shopacler.com/
805,https://sirthelabel.com/
806,https://www.leoetviolette.com/
807,https://www.percivalclo.com/
808,https://the-acey.com/
809,https://www.knowlita.com/
810,https://americantwoshot.com/
811,https://www.littlearrowstudio.com/
812,https://www.moderncitizen.com/
813,https://quakermarine.com/
814,https://wonhundred.com/
815,https://ports1961.com/
816,https://www.jorik.com/
817,https://lucyfolk.com/
818,https://rejinapyo.com/
819,https://www.skylaryoo.com/
820,https://www.newmarketgoods.com/
821,https://www.shoptuesday.com/
822,https://www.reemacra.com/
823,https://willandbear.com/
824,https://lalignenyc.com/
825,https://www.miaou.com/
826,https://www.mayamiko.com/
827,https://www.theflourishmarket.com/
828,https://varietyhourstudio.com/
829,https://mothchicago.com/
830,https://apeacetreaty.com/
831,https://teddyfresh.com/
832,https://www.fogg.no/
833,https://www.disquize.com/
834,https://www.filsunique.com/
835,https://us.vuarnet.com/
836,https://snowpeak.com/
837,https://traceyneuls.com/
838,https://www.giuliofashion.com/
839,https://designmuseumshop.com/
840,https://williamabraham.com/
841,https://www.unconditional.uk.com/
842,https://xbank.amsterdam/
843,https://www.nicolefarhi.com/
844,https://dannijo.com/
845,https://paul-valentine.com/
846,https://www.menfashion.com/
847,https://shopfortywinks.com/
848,https://odinnewyork.com/
849,https://www.rebeccaminkoff.com/
850,https://thehundreds.com/
851,https://80spurple.com/
852,https://cuteandbroke.com/
853,https://otiumberg.com/
854,https://www.linzi.com/
855,https://www.icon-shop.be/
856,https://www.shopatanna.com/
857,https://www.lnaclothing.com/
858,https://rachelcomey.com/
859,https://scottiesboutique.co.nz/
860,https://tonle.com/
861,https://symbologyclothing.com/
862,https://siizu.com/
863,https://rothys.com/
864,https://ply-knits.com/
865,https://us.kowtowclothing.com/
866,https://www.kllercollection.com/
867,https://indigenous.com/
868,https://elizabethsuzann.com/
869,https://www.dl1961.com/
870,https://www.delikaterayne.com/
871,https://christydawn.com/
872,https://atelierdelphine.com/
873,https://amourvert.com/
874,https://www.livefashionable.com/
875,https://www.525america.com/
876,https://rebeccaatwood.com/
877,https://www.donnaida.com/
878,https://www.krewe.com/
879,https://bravetheskies.com/collections/all
880,https://carcel.co/
881,https://linguafranca.nyc/
882,https://wheremountainsmeet.com/
883,https://www.tiinathestore.com/
884,https://www.cpslippers.com/
885,https://darkestfox.com/
886,https://www.deadstock.ca/
887,https://shopdoen.com/
888,https://miramikati.com/
889,https://www.luxyhair.com/
890,https://staud.clothing/
891,https://shopsuperstreet.com/
892,https://stinegoya.com/
893,https://shainamote.com/
894,https://hobes.co/
6/13/02 0:00,https://5pm.fr/
896,https://www.ohlin-d.com/
897,https://olofragrance.com/
898,https://sixty-nine.us/
899,https://theline.com/
900,https://hiutdenim.co.uk/
901,https://minervastreetwear.com/
902,https://patrikervell.com/
903,https://onlyny.com/
904,https://www.pixiemarket.com/
905,https://www.judithleiber.com/
906,https://www.dropdead.co/
907,https://www.mohawkgeneralstore.com/
908,https://ovothings.com/
909,https://www.loveclothing.com/
910,https://www.theelephantpants.com/
911,https://rebel8.com/
912,https://katherinehooker.com/
913,https://littlejoewoman.com/
914,https://dualitas.com/
915,https://hebeboutique.com/
916,https://pressworksonpaper.com/
917,https://www.ourdailyedit.com/
918,https://irisvonarnim.com/
919,https://advicefromacaterpillar.ca/
920,https://www.houseofholland.co.uk/
921,https://www.hawkinsandshepherd.com/
922,https://unitedbyblue.com/
923,https://skinnyfatties.com/
924,https://www.shoplovely.com/
925,https://www.clemencethelabel.com/
926,https://uptonbelts.com/
927,https://www.perkbykate.com/
928,https://breezyexcursion.com/
929,https://ministryofsupply.com/
930,https://jukserei.dk/
931,https://liveboldclothing.com/
932,https://www.thirdlove.com/
933,https://www.solidandstriped.com/
934,https://craftory.com/
935,https://gitmanvintage.com/
936,http://www.loq.us/
937,https://bartaile.com/
938,http://lemuriastyle.com/
939,https://thisispapershop.com/
940,https://thronewatches.com/
941,http://www.kingsleyrowe.com/
942,http://olderbrother.us/
943,https://bulbulwatches.com/
944,https://www.barbell-rocker.com/
945,https://unsungheroclothing.com/
946,https://www.beaufortandblake.com/
947,http://www.mmtstore.com/
948,http://www.bluboho.com/
949,https://leonardandchurch.com/
950,https://johnnyflyco.com/
951,http://store.lollapalooza.com/
952,https://clae.eu/
953,http://obeyclothing.com/
954,http://www.tluxe.com/
955,http://erinlouise.com.au/
956,http://soulland.com/
957,https://www.esther.com.au/
958,https://charnos.co.uk/
959,http://shopdressup.com/
960,http://ambsn.com/
961,http://ryderlabel.com/
962,http://ksubi.com/
963,http://moreporks.com/
964,http://negativeunderwear.com/
965,https://www.earnestsewn.com/
966,https://www.dick-moby.com/
967,http://thegreat-divide.com/
968,https://www.we-wood.com.au/
969,http://havenshop.ca/
970,http://www.3sixteen.com/
971,http://enkieyewear.com/
972,http://www.toyshades.com/
973,http://www.2020ave.com/
974,https://www.taylorstitch.com/
975,http://norwegianrain.com/
976,http://leximiller.com/
977,https://esqido.com/
978,https://shop.acehotel.com/
979,http://lookmatic.com/
980,http://www.poketo.com/
981,https://www.tenslife.com/
982,http://www.gitman.com/
983,https://www.bedheadpjs.com/
984,https://blackmilkclothing.com/
985,http://sleepyjones.com/
986,https://www.ayr.com/
987,http://tattly.com/
988,https://pand.co/
989,https://www.ofmercer.com/
990,http://industrystandardny.com/
991,http://www.oddpears.com/
992,http://shop.palaceskateboards.com/
993,http://rsvp-paris.com/
994,http://shop.ugmonk.com/
995,http://www.sneakerhead.com/
996,http://www.bikini.com/
997,https://www.dusendusen.com/
998,https://www.mottandbow.com/
999,https://www.heist-studios.com
1000,https://www.wegatherall.com
1001,https://shopwherewithal.com
1002,https://www.lagatta.com
1003,https://woawstore.com/
1004,https://shopdoen.com/
1005,https://www.matatraders.com/
1006,https://area51store.co.nz/
1007,https://knowtheorigin.com/
1008,https://thesportsedit.com/
1009,https://www.s-120.com/
1010,https://www.allycapellino.co.uk/
1011,https://www.menssociety.com/
1012,https://www.naja.co/
1013,https://www.rondorff.com/
1014,https://www.marinelayer.com/
1015,https://victoireboutique.com/
1016,http://storq.com/
1017,https://www.shopwalkinlove.com/
1018,http://www.dahlia.com/
1019,http://rodengray.com/
1020,https://www.grayers.com/
1021,https://www.rbxactive.com/
1022,http://bbcicecream.eu/
1023,https://store.duolingo.com
1024,https://gobeflo.com
1025,https://fanjoy.co
1026,https://outway.com
1027,https://intl.cmf.tech/
1028,https://www.octaevo.com
1029,http://www.case-mate.com/
1030,https://www.la-gent.com/
1031,https://www.dsptch.com/
1032,https://www.catscarf.com/
1033,http://www.hellonomad.com/pages/shop-all
1034,https://beistravel.com/
1035,https://staycourant.com/
1036,https://mylesapparel.com
1037,https://badbirdiegolf.com
1038,https://stratosphere41.com
1039,https://yielddesign.co
1040,https://www.rains.com
1041,https://heyrooted.com
1042,https://ceremony.us
1043,https://shopbala.com
1044,https://www.bowsandarrowsberkeley.com/
1045,https://www.deadstock.ca/
1046,https://www.automicgold.com/
1047,https://evolveskateboardsusa.com/
1048,https://tusk.com/
1049,https://www.etienneaigner.com/
1050,https://www.labourandwait.co.uk/
1051,https://www.umasqu.com/
1052,https://yellowowlworkshop.com/
1053,https://www.stayhomeclub.com/
1054,https://tinysupply.co/
1055,https://www.winter-session.com/
1056,https://wpstandard.com/
1057,https://merch.gunsberg.in/
1058,https://imakethangs.com/
1059,https://georgiaperry.com/
1060,https://variouskeytags.com/
1061,https://aheirloom.com/collections/shop-all
1062,https://trainbodybrain.co.uk/
1063,https://www.caravane.fr/
1064,https://savekhaki.com/index.php
1065,https://www.izola.com/
1066,https://walnutstudiolo.com/
1067,https://www.fitzy.ca/
1068,https://www.qalo.eu/
1069,https://www.deltoroshoes.com/
1070,https://www.sianzeng.com/
1071,https://getspeks.com/
1072,https://illestbrand.com/
1073,https://myairblaster.com/
1074,https://thejimmycase.com/
1075,https://mokuyobi.com/
1076,https://kase.com/
1077,https://www.jaspermorrisonshop.com/
1078,https://factionskis.com/
1079,https://www.alexisdrake.com/
1080,https://choose.love/
1081,https://comingsoonnewyork.com/
1082,https://home-coming.com/
1083,https://shop.wingsandhorns.com/
1084,https://www.minus8watch.com/
1085,https://foundwell.com/
1086,https://eng.concrete-matter.com/
1087,https://shop.hodinkee.com/
1088,https://www.langly.co/
1089,https://eur.farer.com/
1090,https://shop.factory43.com/
1091,https://uk.bestself.co/
1092,https://www.hypergrand.com/
1093,http://trustco.us/
1094,https://www.tinkerwatches.com/
1095,http://www.minimioche.com/
1096,https://teaandkate.co.uk/pages/home
1097,https://www.madeofsundays.com/
1098,https://gallantry.com/
1099,http://adablackjackgoods.com/
1100,http://www.spurcycle.com/
1101,http://www.thecriticalslidesociety.com/
1102,https://www.caravancoffeeroasters.co.uk/
1103,http://janemotorcycles.com/
1104,https://www.thehorse.com.au/
1105,http://www.studioneat.com/
1106,https://www.zgla.com/
1107,https://www.satchel-page.com/
1108,http://shop.bremont.com/
1109,http://colossalshop.com/
1110,http://www.commondeervt.com/
1111,http://www.madsencycles.com/
1112,http://www.bando.com/
1113,http://bittermilk.com/
1114,http://helmboots.com/
1115,http://www.bottlecutting.com/
1116,https://rhinocameragear.com/
1117,https://www.cocones.com/
1118,https://getrest.co/
1119,http://www.denydesigns.com/
1120,http://raredevice.net/
1121,http://www.dodocase.com/
1122,https://www.thenewcompany.com
1123,https://store.figma.com
1124,https://www.parksproject.us
1125,https://shop.a24films.com
1126,https://shop.tropicfeel.com
1127,https://alexcrane.uk
1128,https://stance.eu.com
1129,https://www.publicrec.com
1130,https://www.alderapparel.com
1131,https://velocio.cc
1132,https://www.yukithreads.com
1133,https://www.blendsus.com/
1134,https://sealandgear.com/
1135,https://ixardesign.co.uk/
1136,https://gentlethrills.com/
1137,https://erinapearl.com/
1138,https://advencher.co/
1139,https://www.creepycompany.com/
1140,https://www.winterwaterfactory.com/
1141,https://www.shopyowie.com/collections/all?view=shop&ref=ecommdesign
1142,https://dno.la/
1143,https://store.penny-arcade.com/
1144,https://www.nickmayerart.com/
1145,https://www.farmhousepottery.com/
1146,https://kwoteclothing.com/
1147,https://blueingreensoho.com/
1148,https://www.staplepigeon.com/
1149,https://actualsource.org/
1150,https://www.outofprintclothing.com/
1151,https://store.nytimes.com/
1152,https://freshlysalted.com/
1153,https://defender-gear.com/
1154,https://poseidonstandup.com/
1155,https://www.fawkinnae.com/
1156,https://aptivestore.com/
1157,https://www.archivaleditions.com/
1158,https://www.isaora.com/
1159,https://www.chopshopstore.com/
1160,https://www.afends.com/
1161,https://marketplace.invisionapp.com/
1162,https://bokeh.life/
1163,https://mollusksurfshop.com/
1164,http://www.marcushanuy.com/
1165,http://topodesigns.com/
1166,https://www.vooberlin.com/
1167,http://lagear.com/
1168,http://ventanasupplies.com/
1169,https://www.consciousclothing.net
1170,https://www.notjustpajama.com
1171,https://www.earlymajority.com
1172,https://matek.clothing
1173,https://www.targetdry.com/
1174,https://www.nicelaundry.com/
1175,https://mondayswimwear.com/
1176,https://freshcleantees.com/
1177,https://www.fairharborclothing.com/
1178,https://www.jambys.com
1179,https://www.operacampi.com
1180,https://asphalte.com
1181,https://kair.care
1182,https://www.tentree.com
1183,https://terrera.ca
1184,https://www.dazeyla.com
1185,https://finisterre.com
1186,https://www.harathelabel.com
1187,https://lamadeclothing.com
1188,https://shopwittmore.com
1189,https://www.urbanindustry.co.uk/
1190,https://thepangaia.com/
1191,https://shoplostfound.com/
1192,https://www.mothballmemoirs.com/
1193,https://www.counter-print.co.uk/
1194,https://millk.co/
1195,https://www.flatspot.com/
1196,http://jackiesmith.com/
1197,https://plantstotherescue.co
1198,https://www.bubsnaturals.com
1199,https://helloned.com/
1200,https://awesomecoffee.com
1201,https://avanterahealth.com
1202,https://starsandhoney.com
1203,https://tryarmra.com
1204,https://eatfungies.com
1205,https://apothekary.co
1206,https://www.spectrumcollections.com/
1207,https://misfits.health
1208,https://wenatal.com
1209,https://www.myovry.ca
1210,https://tenlittle.com/
1211,https://wild-dose.com
1212,https://sweetkick.com
1213,https://moshlife.com
1214,https://www.getrootless.com
1215,https://cheekybonsai.com
1216,https://addjoi.com
1217,https://good-side.co
1218,https://sunrisesession.com
1219,https://drinkwildwonder.com
1220,https://matteroffact.com
1221,https://getcanopy.co
1222,https://www.vesselhealth.com
1223,https://picnicallergy.com
1224,https://ourkindra.com
1225,https://thebeast.com
1226,https://walkfulton.com
1227,https://getdeja.com
1228,https://vibrants.com
1229,https://nuunlife.com
1230,https://www.lbdo.com
1231,https://bike.wheelhouse.live
1232,https://ingredientswellness.com
1233,https://www.palmofferonia.com
1234,https://vennskincare.com
1235,https://thegoodpatch.com
1236,https://fromthereserve.com
1237,https://touchland.com
1238,https://www.getwelly.com
1239,https://dailynouri.com/
1240,https://thisisneeded.com/
1241,https://mineralhealth.co/
1242,https://www.mylola.com/
1243,https://wearecabinet.com/
1244,https://kinfield.com/
1245,https://huel.com/
1246,https://happytuesdays.co/
1247,https://goodmylk.co/
1248,https://wearedame.co/
1249,https://curistrelief.com/
1250,https://thedbmethod.com/
1251,https://pipettebaby.com/
1252,https://calderalab.com/
1253,https://starface.world/
1254,https://aquilosports.com/
1255,https://almondcow.co/
1256,https://shinedrink.com/
1257,https://www.bauerfeind.com.au/
1258,https://www.oxygenetix.com/
1259,https://soylent.com/
1260,https://press-london.com/
1261,https://www.skinnymetea.com.au/
1262,https://www.smiletwice.com/
1263,https://www.hiwaldo.com/
1264,https://www.typology.com/
1265,https://www.linenly.com.au/
1266,https://thisissleep.co.uk/
1267,https://corpusnaturals.com/
1268,https://www.dineamic.com.au/
1269,https://actandacre.com/
1270,https://packagefreeshop.com/
1271,https://thegoodwellcompany.com/
1272,https://www.nutriseed.co.uk/
1273,https://poweronpoweroff.com/
1274,https://www.rawdish.lu/
1275,https://smartypantsvitamins.com/
1276,https://www.sportique.com/
1277,https://shop.wateraid.org/
1278,https://myfitmode.com/
1279,https://www.lavanila.com/
1280,https://www.makebeauty.com/
1281,https://int.hellohair.com.au/
1282,http://lumitylife.co.uk/
1283,https://www.smartnora.com/
1284,http://visualmass.co/collections/featured
1285,https://www.getdubs.com/
1286,https://www.100percentpure.com/
1287,http://project7.com/
1288,https://skinny-teatox.com/
1289,http://littlesparrowtea.com/
1290,https://misotasty.com/
1291,https://mollyandmepecans.com/
1292,https://www.yellowbirdfoods.com
1293,https://www.sambazon.com
1294,https://flybyjing.com
1295,https://lovely-bunch.com
1296,https://www.muddybites.com
1297,https://eatmila.com
1298,https://enjoybrami.com
1299,https://nuskoolsnacks.com
1300,https://zimmsorganics.com
1301,https://www.alecsicecream.com
1302,https://eatsurreal.co.uk
1303,https://nantucketcrisps.com
1304,https://rootfoodsco.com
1305,https://sunnyfoods.us
1306,https://zabssauce.com
1307,https://lastcrumb.com
1308,https://www.munchrooms.com
1309,https://flockfoods.com
1310,https://belliwelli.com
1311,https://havenskitchen.com
1312,https://outstandingfoods.com
1313,https://sunscoop.com
1314,https://eatfishwife.com
1315,https://www.malamamushrooms.com
1316,https://lovelilbucks.com
1317,https://plantprovisions.com
1318,https://bubblegoods.com
1319,https://www.muddybites.com
1320,https://hottakedough.com
1321,https://mokufoods.com
1322,https://holiscoops.com
1323,https://www.tastegoldi.com
1324,https://www.eatocco.com
1325,https://www.ancientprovisions.com
1326,https://totofoods.co
1327,https://eatgrumpyginger.com
1328,https://www.gutfood.com
1329,https://hardpops.com
1330,https://nowherebakery.com
1331,https://ffups.com
1332,https://awsmsauce.co
1333,https://mojo.shop
1334,https://powerupfoods.com
1335,https://fieldandfarmer.co
1336,https://effingoodsnacks.com
1337,https://www.oatsovernight.com
1338,https://www.eatmmmly.com
1339,https://dreampops.com
1340,https://eatjahan.com
1341,https://www.freestylesnacking.com
1342,https://adozencousins.com
1343,https://akua.co
1344,https://www.chubbysnacks.co
1345,https://snacktbh.com
1346,https://makabiandsons.com
1347,https://www.theverybestcookieinthewholewideworld.com
1348,https://www.enjoyboyi.com
1349,https://www.elavi.co
1350,https://charleyst.com
1351,https://www.afarfoods.com
1352,https://yishifoods.com
1353,https://chiasmash.com
1354,https://sant-ana.com
1355,https://eatrobs.com
1356,https://getnoodie.com
1357,https://oat.haus
1358,https://livesmpl.com
1359,https://mellochocolate.com
1360,https://eatnonfood.com
1361,https://futurenoodles.com
1362,https://frenchsquirrel.com
1363,https://www.eatlocafood.com
1364,https://threewishescereal.com
1365,https://www.eatdeux.com
1366,https://buyhi.co
1367,https://gastronomical.global
1368,https://gooeysnacks.com
1369,https://opopop.com
1370,https://every-foods.com/en
1371,https://www.feed.co
1372,https://www.eatbanza.com
1373,https://sanafoods.com
1374,https://www.oatly.com/
1375,https://notoriousnooch.co
1376,https://www.noodelist.com
1377,https://moonshotsnacks.com
1378,https://www.kopiko.nz
1379,https://happifreefrom.com
1380,https://cookanyday.com
1381,https://www.superfat.com
1382,https://screaminmimis.com
1383,https://partakefoods.com/
1384,https://www.mylklabs.com/
1385,https://www.mosaicfoods.com/
1386,https://magicspoon.com/
1387,https://thecoconutcult.com/
1388,https://thecerealschool.com/
1389,https://rainbo.com/
1390,https://redclayhotsauce.com/
1391,https://artdirected.design
1392,https://www.counter-print.co.uk
1393,https://pangrampangram.com
1394,https://ino.jewelry
1395,https://www.sycamoreco.com/
1396,https://www.jamfactory.com.au/
1397,https://prizenyc.com/
1398,http://www.canvasrepublic.com/
1399,https://layers.design
1400,https://bensoleimani.com/
1401,https://standardsmanual.com/pages/shop
1402,https://theartifox.com/
1403,https://www.natellequek.store/
1404,https://finestimaginary.com/
1405,https://karststonepaper.com/
1406,https://www.fiercelycurious.com/
1407,https://stfrank.com/
1408,https://www.nextchapterstudio.com/
1409,http://editions.jordansowers.com/
1410,https://en.eagle.cool/store
1411,https://diyprintshop.com/
1412,https://www.textfromafriend.co.uk/
1413,https://theupstandingdesk.com/
1414,https://www.hapticlab.com/
1415,https://www.armacmartin.co.uk/
1416,https://www.areastore.dk/
1417,https://store.losttype.com/
1418,https://fredericksandmae.com/
1419,https://www.hawkinsnewyork.com/
1420,https://shop.gathersystem.com/
1421,https://thethingoldline.com/
1422,https://blackbirdballard.com/
1423,https://usefulcharts.com/
1424,https://curiouscharts.com/
1425,https://20x200.com/
1426,https://voidwatches.com/
1427,https://www.counter-print.co.uk/
1428,https://linkcollective.com/
1429,https://www.baronfig.com/
1430,https://www.wearedorothy.com/
1431,https://galeriestimmung.com/
1432,https://www.reallywellmade.co.uk/
1433,https://inkwell.io/
1434,https://www.hem.com/
1435,https://simplyframed.com/
1436,https://abbyseymour.com/
1437,https://www.janerichards.co.uk/
1438,https://hobbe.com.au/
1439,https://lacuva.com/
1440,https://greatlittleprints.com/
1441,https://irishdesignshop.com/
1442,http://uppercasemagazine.com/
1443,https://store.leibal.com/
1444,https://mindjournals.com/
1445,http://polarpen.com/
1446,https://firstdraftco.com/
1447,https://rockymountaindecals.ca/
1448,https://makgoods.com/
1449,http://aelfie.com/
1450,https://superteamdeluxe.com/
1451,http://us.loveisartkit.com/
1452,http://www.chalkd.co.nz/
1453,http://telegramme.co.uk/
1454,http://dowsedesign.co.uk/
1455,http://www.theghostlystore.com/
1456,http://onske.co.uk/
1457,http://boldandnoble.com/
1458,http://themodernshop.ca/
1459,http://www.hipvan.com/
1460,http://helbak.com/
1461,https://nuori.com
1462,https://int.foliabody.com
1463,https://thebroglo.com
1464,https://beselfmade.co
1465,https://cardonskin.com
1466,https://solarsport.co.uk
1467,https://oem.care
1468,https://thisisembody.com
1469,https://motifskincare.com
1470,https://lesseofficial.com
1471,https://bijo.paris/en/
1472,https://www.amicole.com
1473,https://experimentbeauty.com
1474,https://ironlionsoap.com
1475,https://basksuncare.com
1476,https://peopleofsubstance.co
1477,https://thatkoalife.com
1478,https://skknbykim.com/
1479,https://eigenhain.com
1480,https://www.threeshipsbeauty.com
1481,https://kravebeauty.com
1482,https://us.washbar.com
1483,https://summerfridays.com
1484,https://clearwithin.com
1485,https://theoutset.com
1486,https://beyonderway.com
1487,https://demamiel.com/collections/all
1488,https://homecourt.co
1489,https://freshpeaches.co
1490,https://www.indewild.com
1491,https://www.minoribeauty.com
1492,https://klintcare.dk
1493,https://pelegrims.com
1494,https://myhare.la
1495,https://www.itsallfluff.com
1496,https://projectwoo.co
1497,https://mijmasks.com
1498,https://www.ouithepeople.com
1499,https://youthforia.co
1500,https://daehair.com
2/9/04 0:00,https://4amskin.com
1502,https://pauliandsisters.com
1503,https://www.bakskincare.com
1504,https://justgest.com
1505,https://mutha.com
1506,https://mytopicals.com
1507,https://us.resore.com
1508,https://noie.com
1509,https://www.melyon.co
1510,https://www.itembeauty.com
1511,https://dr-ej.com
1512,https://supernal.co
1513,https://supergoop.com
1514,https://sundazeskincare.com
1515,https://getsundaily.com
1516,https://sdaraskin.com
1517,https://versedskin.com
1518,https://westskincare.com
1519,https://wearewild.us
1520,https://welcometowondervalley.com
1521,https://www.youthtothepeople.com
1522,https://primallypure.com/
1523,https://haomaearth.com/
1524,https://fmillerskincare.com/
1525,https://letsdisco.co/
1526,https://livingkoa.com/
1527,https://usehuron.com/
1528,https://henuaorganics.com/
1529,https://kylieskin.com/
1530,https://furyou.com/
1531,https://evenprime.co/
1532,https://detoxmode.com/
1533,https://livecostabrazil.com/
1534,https://aldernewyork.com/
1535,https://www.aoskincare.com/
1536,https://smartypits.com/
1537,https://seasonly.fr/
1538,https://nuudcare.com/
1539,https://www.ouishave.com/
1540,https://bybi.com/
1541,https://necessaire.com/
1542,https://www.lovehair.com/
1543,https://wildsmithskin.com/
1544,https://shoparrivewell.com/
1545,https://thisisfeel.com/
1546,https://www.meetmilu.com/
1547,https://www.carbonbeauty.com/
1548,https://www.dsanddurga.com
1549,https://appledoll.com
1550,https://www.clarityblend.com
1551,https://www.forgo.se
1552,https://thehoneypot.co
1553,https://areygrey.com
1554,https://www.crete.co
1555,https://modernmammals.com
1556,https://hallyhair.com
1557,https://feetsbrand.com
1558,https://thewaeve.com
1559,https://www.tower28beauty.com
1560,https://www.surrattbeauty.com/
1561,https://megababebeauty.com/
1562,https://hellohibar.com/
1563,https://www.bloomhair.com/
1564,https://www.boody.com.au/
1565,https://www.velourlashes.com/
1566,https://www.mymyro.com/
1567,https://kjaerweis.com/
1568,https://countryculture.com.au/
1569,https://livso.com/
1570,https://abbottnyc.com/
1571,https://bastide.com/
1572,https://ethnocare.ca
1573,https://podcompany.com
1574,https://spacegoods.com
1575,https://www.sunsoil.com
1576,https://magicmind.com/
1577,https://walden.us
1578,https://www.willperform.com
1579,https://spacegoods.com
1580,https://www.houseplant.com
1581,https://drinkhiyo.com
1582,https://www.rejuvia.co
1583,https://justaddbuoy.com
1584,https://goflaus.com
1585,https://leisureproject.co
1586,https://jibbycoffee.com
1587,https://xicamalife.com
1588,https://e1011labs.com/
1589,https://flovitamins.com/
1590,https://thecushionlab.com
1591,https://getbiom.co
1592,https://www.honeblends.com
1593,https://duradry.com
1594,https://drinkbarcode.com
1595,https://home.prospectfarms.com
1596,https://thefigr.com
1597,https://www.humanrace.com
1598,https://mysweetdreams.co
1599,https://privatepacks.com
1600,https://www.liquid-iv.com
1601,https://www.forfolk.earth
1602,https://bigblanket.com
1603,https://www.plantpeople.co
1604,https://offfield.com
1605,https://plutopillow.com
1606,https://cerena.co
1607,https://www.siennanaturals.com
1608,https://offcourt.com
1609,https://www.koppen.co
1610,https://ourtreaty.com
1611,https://www.thenueco.com
1612,https://soothelife.com
1613,https://www.welleco.com
1614,https://wthn.com
1615,https://sisterandcompany.co.uk/
1616,https://www.morelabs.com/
1617,https://lilycbd.com/
1618,https://wearejetson.com/
1619,https://homesick.com/
1620,https://elementsdrinks.com/
1621,http://www.choosemuse.com/
1622,https://drinkprime.com
1623,https://unitedsodas.com
1624,https://eagerdrinks.com
1625,https://www.partnerscoffee.com
1626,https://www.drinkbetterdays.com
1627,https://badtea.co
1628,https://drinksayso.com
1629,https://getgorgie.com
1630,https://www.drinkramona.com
1631,https://shonensoda.com
1632,https://edmundscocktails.co.uk
1633,https://www.drinknarra.com
1634,https://en.manayerbamate.com/
1635,https://www.fallengrape.com
1636,https://decemdrinks.com
1637,https://eu.waterdrop.com
1638,https://postevand.com
1639,https://www.delacalle.mx
1640,https://www.casamaraclub.com
1641,https://coppercowcoffee.com
1642,https://tequilacayeya.com
1643,https://nurangecoffee.com
1644,https://www.lacabra.dk
1645,https://aurabora.com
1646,https://ikimbala.com
1647,https://farmersjuice.com
1648,https://drinklmnt.com
1649,https://coupletcoffee.com
1650,https://bubluv.com
1651,https://drinkruuts.com
1652,https://www.drinkpoppi.com
1653,https://circles.coffee
1654,https://drinkdesoi.com
1655,https://clevrblends.com
1656,https://kinshipmilktea.com
1657,https://www.getvinebox.com
1658,https://www.drinklili.com
1659,https://drinkveso.com
1660,https://drinkpiiq.com
1661,https://tenneyson.com
1662,https://drinktinto.com
1663,https://www.drinksool.com
1664,https://bruvi.com
1665,https://drinkhappyhour.com/pages/drinks
1666,https://straightawaycocktails.com
1667,https://www.craftmix.com
1668,https://yesyoucandrinks.com
1669,https://defy.wine
1670,https://altlife.com
1671,https://buzzlitecoffee.com
1672,https://drinkplantpress.com
1673,https://www.joymilktea.com
1674,https://slatemilk.com
1675,https://www.steepandmellow.com
1676,https://drinkbimble.com
1677,https://www.wildpressjuice.com
1678,https://drinkfiglia.com
1679,https://bonbuz.com
1680,https://thegoodritual.com
1681,https://www.drinkaguabonita.com
1682,https://www.happymoose.com
1683,https://www.drinklunar.com
1684,https://ruby.fun
1685,https://drinkmirth.com
1686,https://wovenwhisky.com
1687,https://drinkhalfpast.com
1688,https://oneby.co
1689,https://wundergroundcoffee.com
1690,https://nirvanabrewery.com/shop
1691,https://yerb.co
1692,https://stationcoldbrew.com
1693,https://aplos.world
1694,https://shop.clubkombucha.ca
1695,https://loah.beer
1696,https://aglassof.com
1697,https://sammee.co
1698,https://drinkmonday.co
1699,https://usualwines.com
1700,https://sightglasscoffee.com
1701,https://drinksound.com
1702,https://lossundays.com/
1703,https://www.drinkhint.com/
1704,https://drink.haus/
1705,https://shopbontemps.com/
1706,https://www.looptworks.com/
1707,https://www.maraisusa.com/
1708,http://www.ethnotekbags.com/
1709,http://www.tessemaes.com/
1710,https://www.beckettsimonon.com
1711,https://doublesoul.co
1712,https://www.keapbk.com
1713,https://openfarmpet.com/
1714,https://adelanteshoes.com/
1715,https://drinkeverandever.com/
1716,https://www.biocollabs.com/
1717,https://www.miraclebrand.co/
1718,https://projectfull.com/
1719,https://neighborlyshop.com/
1720,https://jujusupply.com/
1721,https://www.manitobah.com/
1722,https://www.bloomandgive.com/
1723,https://www.coffeebar.com/
1724,https://brothervellies.com/
1725,https://www.beaconrelief.com/
1726,https://buffy.co/
1727,https://redroostercoffee.com/
1728,https://www.themarshmallowist.com/
1729,https://www.diffeyewear.com/
1730,https://us.soyoung.ca/
1731,https://www.mindful-company.com/
1732,https://www.mammothbar.com/
1733,https://apachepine.com/
1734,https://www.opusgrows.com/
1735,http://www.weavergreen.com/
1736,https://www.onehappyleaf.com/
1737,https://blukicks.com/
1738,https://www.solerebels.com/
1739,http://brooklyncandlestudio.com/
1740,https://www.nobleandsavage.com/
1741,http://www.beaumontorganic.com/
1742,https://relevantnaturalbrands.com
1743,http://mastbrothers.co.uk/
1744,https://www.inlands.co
1745,https://brooklyndelhi.com
1746,https://popadelics.com
1747,https://oatsincoats.com
1748,https://winesociety.com
1749,https://hibobbie.com/
1750,https://headwines.com.au/
1751,https://dripkit.coffee/collections/shop
1752,https://origocoffee.ro/collections
1753,https://www.suddencoffee.com/
1754,https://colliripani.com/#shop
1755,https://shop.beavertownbrewery.co.uk/
1756,https://tropicalsunfoods.com/
1757,https://notpot.com/
1758,https://cappellos.com/
1759,https://sparkosweets.com/
1760,https://www.souschef.co.uk/
1761,https://shop.ceremonycoffee.com/
1762,https://www.drinkuproot.com/
1763,https://www.withlovefrombrooklyn.com/
1764,https://www.smithandsheth.com/
1765,https://austineastciders.com/
1766,https://www.aidaeats.com/
1767,https://www.portofmokha.com/
1768,https://ticktocktea.com/
1769,https://denverandliely.com/
1770,https://bondshackney.co.uk/
1771,https://swallowtailtea.com/
1772,https://www.harrisfarm.com.au/
1773,https://poweronpoweroff.com/
1774,https://rawspicebar.com/
1775,https://collectedcoffee.com/
1776,https://www.sugarfina.com/
1777,https://www.premierestateswine.co.uk/
1778,https://www.patagoniaprovisions.com/
1779,https://eu.heavensake.com/
1780,http://store.ilovemole.com/
1781,http://corkcicle.com/
1782,https://rotimatic.com/
1783,http://shop.islandcreekoysters.com/
1784,http://tradestoneconfections.com/
1785,https://www.cookbookvillage.com/
1786,http://ratiocoffee.com/
1787,http://www.deathwishcoffee.com/
1788,http://www.pipsnacks.com/
1789,http://49thcoffee.com/
1790,https://coffeeclub.unionroasted.com/
1791,https://pepper-home.com
1792,https://holcombstudio.com
1793,https://aather.com
1794,https://www.mrmillys.co.uk/
1795,https://ohm.studio
1796,https://shopscentlab.com
1797,https://salamhello.com
1798,https://www.letterfolk.com
1799,https://www.albanypark.com/
1800,https://withcharacter.com
1801,https://pomelocasa.com
1802,https://en.forevercandles.com
1803,https://nettenyc.com
1804,https://www.madrelinen.com
1805,https://bosqueplants.com
1806,https://coverstorypaint.com
1807,https://sitdowngoods.com
1808,https://coatpaints.com
1809,https://www.thirddrawerdown.com/
1810,https://awaysaway.studio/
1811,https://ravenroxanne.com/
1812,https://www.mistersmith.co.uk/
1813,https://impertinent.ca/
1814,http://www.howardyount.com/
1815,https://cityworkshopmsc.com/
1816,https://universalworks.co.uk/
1817,https://www.ketnipz.com
1818,https://www.thedybdahl.com/
1819,https://infiniteobjects.com
1820,https://www.crockd.com
1821,https://www.getparlor.com
1822,https://mogutable.com/
1823,https://auraframes.com/
1824,https://evastalinski.com/
1825,https://npgshop.org.uk/
1826,https://www.backdrophome.com/
1827,https://maxwangerprintshop.com/
1828,https://maxwangerprintshop.com/
1829,https://www.paperjampress.com/
1830,https://www.coraliereiter.com/
1831,https://www.uniteditions.com/
1832,https://bohemiadesign.com/
1833,https://bravefineart.com/
1834,https://simpleform.com.au/
1835,https://www.heyshop.es/
1836,https://www.holstee.com/
1837,https://www.thelinenworks.co.uk/
1838,https://bestself.co/
1839,https://iyouall.com/
1840,http://www.rugandhome.com/
1841,http://www.hotelmagique.com/
1842,http://www.goodwinandgoodwin.com/
1843,https://www.whatisblik.com/collections/shop
1844,http://www.theletterjsupply.com/
1845,https://www.theory11.com/
1846,https://www.popchartlab.com/
1847,http://www.mollyjogger.com/
1848,https://www.moonglow.com/
1849,https://forsstudio.com
1850,https://don-fisher.com/
1851,https://shop.penguin.co.uk/
1852,https://adultingftw.com/
1853,https://www.knotandbow.com/
1854,https://www.areaware.com/
1855,https://seteditions.com/
1856,https://touccakids.com/
1857,https://meadowlark.co.nz/
1858,https://www.peopleiveloved.com/
1859,https://onsentowel.com/
1860,https://shop.ohhappyday.com/
1861,https://cwpencils.com/
1862,https://www.lilgadgets.com/
1863,http://thefuturekept.com/
1864,https://thebeardedbastard.com/
1865,http://nourishorganic.com/
1866,https://www.beardbrand.com/
1867,http://www.minimaterials.com/
1868,https://cariuma.com
1869,https://www.athleticpropulsionlabs.com
1870,https://wolfandshepherd.com/
1871,https://kizik.com
1872,https://caval.fr
1873,https://www.thousandfell.com
1874,https://aliceandwhittles.com
1875,https://www.soludos.com
1876,https://www.tidalnewyork.com
1877,https://courserworld.com
1878,https://birdiesslippers.com/
1879,https://clarkstreetmercantile.com/
1880,https://peternappi.com/
1881,https://seasoncreates.com/
1882,https://indosole.com/
1883,https://thomasdean.com/
1884,http://www.smartwool.com/
1885,http://www.jackerwin.com/
1886,http://www.afinepairofshoes.co.uk/
1887,https://www.kesterblack.com
1888,https://sniph.co.uk/
1889,http://www.poopourri.com/
1890,https://svenklas.com
1891,https://inkbox.com
1892,http://www.masterdynamic.com/
1893,https://brevite.co/
1894,https://monos.com/
1895,https://www.airinum.com/
1896,https://dallygoods.com
1897,https://www.gardenesque.com
1898,https://sessiongoods.com
1899,https://www.patrickmavros.com/
1900,https://regimedesfleurs.com/
1901,https://fashionanchor.com/
1902,https://norquayco.com/
1903,https://ballandbuck.com/
1904,https://www.novowatch.com/
1905,http://www.tuftandneedle.com
1906,https://www.linjer.co/
1907,https://www.bookhou.com/
1908,https://www.dayowl.com/
1909,https://baboontothemoon.com/
1910,https://www.stasherbag.com
1911,https://bukvy.se
1912,https://www.minaal.com/
1913,https://paktastudio.com/
1914,https://alfiedouglas.com/
1915,https://www.northeastshop.com/
1916,https://nordweg.rocks/
1917,https://www.troubadourgoods.com/
1918,https://whippingpost.com/
1919,https://www.venque.com/
1920,https://tryboredcow.com
1921,https://www.wearewild.com
1922,https://suckerz.com
1923,https://lullaby-sleep.com
1924,https://hellojupiter.com
1925,https://getdown.com.au
1926,https://shop.forestgum.de
1927,https://smolproducts.com
1928,https://mikksdrinks.com
1929,https://mobbeauty.com
1930,https://kulfibeauty.com
1931,https://www.fellowcreatures.co.uk
1932,https://skylar.com
1933,https://www.heyglowup.com/
1934,https://www.holierlife.com/products/multi-for-vegans
1935,https://www.allthatgrows.in/
1936,https://misuko.be
1937,https://www.yenjewellery.com/
1938,https://feastables.com
1939,https://groovybutter.com
1940,https://getjoni.com
1941,https://www.peachgoods.com
1942,https://cloudpaper.co
1943,https://eatpeekaboo.com/collections/all
1944,https://www.bayactive.com.au
1945,https://bhumi.com.au
1946,https://www.snowdays.com
1947,https://soapplybox.com
1948,https://veles.com
1949,https://mudwtr.com/
1950,https://kirralife.com/
1951,https://fetchingfields.com/
1952,https://bryte.com/
1953,https://www.wearablex.com/
1954,https://www.bedshelfie.com/
1955,https://titansinkware.com/
1956,https://www.kipyard.com/
1957,https://charlie-paris.com/
1958,https://www.ilovebiko.com/
1959,https://mpatmos.com/
1960,https://www.toobydoo.com/
1961,https://www.fawnandforest.com/
1962,https://www.aetherapparel.com/
1963,http://www.stikwood.com/
1964,https://www.elleevansswimwear.com.au
1965,https://loisthestore.com
1966,https://www.miir.com/
1967,https://ziptop.com
1968,https://flexfits.com
1969,https://www.dooptoothbrush.com
1970,https://beautyrout.com
1971,https://celsious.com
1972,https://candorhair.co
1973,https://sabai.design
1974,https://www.prescasportswear.com
1975,https://sheepinc.com
1976,https://siloulondon.com
1977,https://teamtimbuktu.com
1978,https://juniessentials.com
1979,https://braverobot.co
1980,https://heliasoils.com/
1981,https://www.matchabar.co
1982,https://www.everydaydose.com
1983,https://meetaila.com
1984,https://foundbubbly.com
1985,https://the-qi.com
1986,https://cowboy.com
1987,https://www.italeisure.com
1988,https://getsunflow.com
1989,https://retrospec.com
1990,https://rovalcomponents.com/
1991,https://www.boteboard.com/
1992,https://www.potsplantersandmore.com/
1993,https://www.yellowleafhammocks.com/
1994,https://phoneloops.com/
1995,https://katamaswim.com/
1996,https://us.astellnkern.com/
1997,http://www.brilliant.co/
1998,http://www.longboardliving.com/
1999,https://www.shazandkiks.com
2000,https://haxan.se
2001,https://moodyincense.com
2002,https://www.carryhitch.com
2003,https://supernatural.com
2004,https://www.thewildist.com
2005,https://populum.com/
2006,https://shhhowercap.com
2007,https://www.kankan.london/
2008,https://awkwardessentials.com/
2009,https://verygoodparts.com
2010,https://www.getfussy.com
2011,https://boieusa.com/
2012,https://fentonand.co
2013,https://mayamagal.co.uk/
2014,https://www.abacusrow.com/
2015,https://www.satomistudio.com/
2016,https://www.chopard.com/intl/
2017,https://diamondcandles.com/
2018,https://www.dans-ez.com/
2019,https://minimalissimo.shop
2020,https://www.lisolastore.it/
2021,https://www.helloalva.com/
2022,https://www.carolinezhurley.com/
2023,https://stickerbrand.com/
2024,https://www.revivalrugs.com/
2025,https://quiettownhome.com/
2026,https://fatherrabbit.com/
2027,http://arhoj.com/
2028,https://www.discocountryclub.com
2029,https://www.blueelvin.com
2030,https://svelte.co.uk/
2031,https://22bicycles.com/
2032,https://bonfireouterwear.com/
2033,https://iconsnowskates.com/
2034,https://www.condorcycles.com/
2035,https://www.stellavie.com/
2036,https://www.presentandcorrect.com/
2037,https://coreandrind.com
2038,https://www.feedpetaluma.com
2039,https://zzdriggs.com
2040,https://fortigoods.com
2041,http://jmandsons.com/
2042,https://ohlalamacarons.com
2043,https://www.acollectedman.com/
2044,http://luneteyewear.com/
2045,https://www.onenine5.com
2046,https://www.leoetviolette.com/
2047,https://sundaysupply.co/
2048,http://www.trunkster.co/
2049,https://origami-kai.com
2050,https://wondermonday.com
2051,https://magicspoon.com
2052,https://schoolyardsnacks.com
2053,https://www.pinswontsavetheworld.com/
2054,https://blokwatches.com
2055,https://uguisustore.com/
2056,https://unclegoose.com/
2057,https://meanmail.co
2058,https://www.appntd.com/
2059,https://fieldnotesbrand.com/
2060,https://www.christeli.com/
2061,https://allswellhome.com/
2062,https://snowehome.com/
2063,http://www.candykirbydesigns.com/
2064,http://www.tryvertty.com/
2065,http://www.aulitfinelinens.com/
2066,https://tidbyt.com
2067,https://nothing.tech/
2068,https://www.elevationlab.com/
2069,https://oishii.com
2070,https://lunadisplay.com/
2071,https://www.lifx.com/
2072,https://shop.ecobee.com/
2073,https://buypeel.com/
2074,http://smsaudio.com/
2075,https://holcombstudio.com
2076,https://veark.com
2077,https://eastfork.com/
2078,https://materialkitchen.com/
2079,https://madeincookware.com/
2080,https://greatjonesgoods.com/
2081,https://www.cindergrill.com/
2082,https://cookpotluck.com/
2083,https://aheirloom.com/
2084,https://eu.emmabridgewater.com/
2085,https://www.bisonhome.com/
2086,https://supermush.com
2087,https://henryrose.com/
2088,https://heybippy.com/
2089,https://www.gussihair.com/pages/shop
2090,https://playabeauty.com/
2091,https://www.gemmahaircare.com/
2092,https://www.fellowbarber.com/
2093,https://www.purecycles.com/
2094,https://sundaycitizen.co/
2095,https://www.slip.com
2096,https://sleepyheadofsweden.com/
2097,https://porttanger.com
2098,https://lexxola.com
2099,https://gainsinbulk.com
2100,https://ladder.sport/
2101,https://www.dimplecontacts.com/
2102,https://christopher-cloos.com/
2103,https://www.graza.co
2104,https://haveagoseries.com
2105,https://www.kosterina.com
2106,https://eu.polaroidoriginals.com/
2107,http://store-usa.arduino.cc/
2108,https://heima.uk
2109,https://wypeuk.com
2110,https://fohm.co
2111,http://www.distilunion.com/
2112,https://foliobookshop.com
2113,https://angloitalian.com/
2114,http://triplstitched.com/
2115,https://capsule.london
2116,https://smellveil.com
2117,https://anecdotecandles.com/
2118,https://quadracollective.com/
2119,https://sensibo.com
2120,https://undershower.com
2121,https://triangl.com/
2122,https://everdaily.co
2123,https://www.brovn.com
2124,https://www.goorin.com
2125,https://unefemmewines.com/
2126,https://nubeusa.com
2127,https://jacquesnyc.com
2128,https://www.cletile.com/
2129,https://circle21candles.com/
2130,https://mushroomsupplies.com
2131,https://dadgrass.com
2132,https://dossier.co/
2133,https://curiebod.com/
2134,https://swehl.com
2135,https://www.cleannest.co
2136,https://www.bubzbaby.com
2137,https://www.coterie.com
2138,https://hicolugo.com/
2139,https://www.nudea.com
2140,https://sugardoh.co
2141,http://speciesbythethousands.com/
2142,https://washland.co
2143,https://countercultureclean.com/
2144,https://andersen-andersen.com
2145,https://www.betterbattery.co
2146,https://pzaz.com
2147,https://mybirdbuddy.com
2148,https://www.photato.com.hk/
2149,https://yourstori.com
2150,https://wespring.com
2151,https://www.planera.care
2152,https://www.restorefoodware.com/collections/all
2153,https://rara.jewelry
2154,https://ridgewallet.co.uk
2155,https://ridgewallet.eu
2156,https://www.enjoy.com/
2157,https://www.flareaudio.com/
2158,http://www.ctrl-mod.com/
2159,https://ecomm.design/go/shopify-hardware/?utm_content=ED%2Fplatform%2Fshopify-stores%2F
2160,https://www.shopstakt.com
2161,https://ourfloof.com
2162,https://cool.haus
2163,https://swirlmtl.com
2164,https://www.mrsalice.com
2165,https://pieceworkpuzzles.com
2166,http://modnotebooks.com/
2167,https://www.genexa.com
2168,https://onsurioliveoil.com
2169,https://vellabio.com
2170,https://umamicart.com
2171,https://perelelhealth.com
2172,https://gethai.com
2173,https://www.flintts.com
2174,https://linhart.nyc/
2175,https://thecatisinthebox.com/
2176,https://wildone.com
2177,https://www.ernestpet.com/
2178,https://www.theallyco.com
2179,https://modutoy.com
2180,https://aavia.io
2181,https://www.odetothings.com
2182,https://www.cletile.com/
2183,https://www.tesalate.com
2184,https://heapsnormal.com
2185,https://fablepets.com/
2186,https://dogishuman.com
2187,https://rowanfordogs.com
2188,https://shopify.vc
2189,https://viledge.com
2190,https://www.archerandolive.com/
2191,https://lunge.world
2192,https://www.dutch.com
2193,https://pezzypets.com
2194,https://madebynacho.com
2195,https://www.dejapets.co.nz
2196,https://www.shopriven.com
2197,https://hereandnowpuzzle.com
2198,https://moonflowers.co
2199,https://trygoodboy.com/
2200,https://barkshop.com/
2201,https://tasteplants.com
2202,https://beekindwraps.ca
2203,https://helloyuns.com
2204,https://www.banjorobinson.com
2205,https://frenchiebulldog.com
2206,https://worklouder.cc
2207,https://hllofriend.com
2208,https://www.werenotreallystrangers.com/collections/shop-all
2209,https://www.withfeast.com
2210,https://www.wearehunu.com
2211,https://drinkvisp.com
2212,https://www.greatwrap.co
2213,https://unagiscooters.com
2214,https://pompflowers.com